{
	"swiper": [{
			"img": "https://7761-watermelon-0gbmos3r08d8c04b-1311486156.tcb.qcloud.la/WaterMelon/image/img/swiper1.jpg?sign=6dd65bf1bdd30ef37f3abd96b8836a72&t=1651159249"
		},
		{
			"img": "https://7761-watermelon-0gbmos3r08d8c04b-1311486156.tcb.qcloud.la/WaterMelon/image/img/swiper2.jpg?sign=eb4ef04cfebaeb6daeb88c3e4865c310&t=1651159282"
		},
		{
			"img": "https://7761-watermelon-0gbmos3r08d8c04b-1311486156.tcb.qcloud.la/WaterMelon/image/img/swiper3.jpg?sign=082edaa198a76974028f2ceac9d1145e&t=1651159293"
		},
		{
			"img": "https://7761-watermelon-0gbmos3r08d8c04b-1311486156.tcb.qcloud.la/WaterMelon/image/img/swiper4.jpg?sign=c99b504dee43b63f2001fef902ff9b5a&t=1651159303"
		},
		{
			"img": "https://7761-watermelon-0gbmos3r08d8c04b-1311486156.tcb.qcloud.la/WaterMelon/image/img/swiper5.jpg?sign=9a47a032bce486610fd1a1233f6cb5ff&t=1655190913"
		}
	],
	"index": [{
			"img": "https://7761-watermelon-0gbmos3r08d8c04b-1311486156.tcb.qcloud.la/WaterMelon/image/img/zhaoxia.jpg?sign=d580619bf7ae8adb4852cc094aea9f52&t=1651159351",
			"title": "朝霞",
			"subtitile": "Rosy Dawn"
		},
		{
			"img": "https://7761-watermelon-0gbmos3r08d8c04b-1311486156.tcb.qcloud.la/WaterMelon/image/img/zhongtianhong.jpg?sign=2eb77087855eaa008f4b3410fce5e146&t=1651159537",
			"title": "众天红",
			"subtitile": "Carmine Sky"
		},
		{
			"img": "https://7761-watermelon-0gbmos3r08d8c04b-1311486156.tcb.qcloud.la/WaterMelon/image/img/manyue.png?sign=d8350916572eae08463ee474c43d42ce&t=1651159087",
			"title": "满月",
			"subtitile": "Flawless Lunar"
		},
		{
			"img": "https://7761-watermelon-0gbmos3r08d8c04b-1311486156.tcb.qcloud.la/WaterMelon/image/img/meiyan.png?sign=23d2d1c11964d9bca069685d6fc11656&t=1651159151",
			"title": "美颜",
			"subtitile": "Beauty"
		},
		{
			"img": "https://7761-watermelon-0gbmos3r08d8c04b-1311486156.tcb.qcloud.la/WaterMelon/image/img/chunhui.png?sign=c70e8990120f3b4a330798ed0441fbbe&t=1651159023",
			"title": "春晖",
			"subtitile": "Spring Light"
		},
		{
			"img": "https://7761-watermelon-0gbmos3r08d8c04b-1311486156.tcb.qcloud.la/WaterMelon/image/img/zhongtian1293.png?sign=787270350e8fc2920ecb8eb7304f4510&t=1651159410",
			"title": "众天1293",
			"subtitile": "Sky1293"
		},
		{
			"img": "https://7761-watermelon-0gbmos3r08d8c04b-1311486156.tcb.qcloud.la/WaterMelon/image/img/zhongtian6211.png?sign=0694b76d413319caac52d79e51196d86&t=1651159496",
			"title": "众天6211",
			"subtitile": "Sky6211"
		},
		{
			"img": "https://7761-watermelon-0gbmos3r08d8c04b-1311486156.tcb.qcloud.la/WaterMelon/image/img/yuzhuo.png?sign=2c27f04267bbb2ae81beaef9cf0f31ce&t=1651159329",
			"title": "玉琢",
			"subtitile": "Jade"
		},
		{
			"img": "https://7761-watermelon-0gbmos3r08d8c04b-1311486156.tcb.qcloud.la/WaterMelon/image/img/zhongtian2013.png?sign=831d4e091de09ac796a2045b86296e0b&t=1651159461",
			"title": "众天2013",
			"subtitile": "Sky2013"
		}
	],
	"news": [{
			"img": "https://7761-watermelon-0gbmos3r08d8c04b-1311486156.tcb.qcloud.la/WaterMelon/image/img/zhongtian6211.png?sign=0694b76d413319caac52d79e51196d86&t=1651159496",
			"title": "虹彩系列西瓜——金玉玲珑",
			"id": "1"
		},
		{
			"img": "https://7761-watermelon-0gbmos3r08d8c04b-1311486156.tcb.qcloud.la/WaterMelon/image/img/news.png?sign=b9367452c15afa051a6e77e3d59f1320&t=1651159228",
			"title": "我司系列西瓜参选海南省冬交会",
			"id": "2"
		},
		{
			"img": "https://7761-watermelon-0gbmos3r08d8c04b-1311486156.tcb.qcloud.la/WaterMelon/image/img/meiyan.png?sign=23d2d1c11964d9bca069685d6fc11656&t=1651159151",
			"title": "双色西瓜——美颜的背后故事",
			"id": "3"
		}
	],
	"products": [{
			"img": "https://7761-watermelon-0gbmos3r08d8c04b-1311486156.tcb.qcloud.la/WaterMelon/image/img/zhaoxia.jpg?sign=d580619bf7ae8adb4852cc094aea9f52&t=1651159351",
			"title": "朝霞 双色流霞 色若芙蕖 酥脆细腻 醇美多汁 海南头茬 单果2.5kg",
			"price": "68.00",
			"pid": "1"
		},
		{
			"img": "https://7761-watermelon-0gbmos3r08d8c04b-1311486156.tcb.qcloud.la/WaterMelon/image/img/zhongtianhong.jpg?sign=2eb77087855eaa008f4b3410fce5e146&t=1651159537",
			"title": "众天红 皮薄多汁 胭红灵秀 上乘佳品 硬皮易储存 海南头茬 2.5kg单果",
			"price": "50.00",
			"pid": "2"
		},
		{
			"img": "https://7761-watermelon-0gbmos3r08d8c04b-1311486156.tcb.qcloud.la/WaterMelon/image/img/manyue.png?sign=d8350916572eae08463ee474c43d42ce&t=1651159087",
			"title": "满月 爆汁小瓜 皮韧肉脆 鲜灵清冽 圆润如月 海南头茬 2kg单果",
			"price": "48.00",
			"pid": "3"
		},
		{
			"img": "https://7761-watermelon-0gbmos3r08d8c04b-1311486156.tcb.qcloud.la/WaterMelon/image/img/chunhui.png?sign=83b4c953fb3c97e5b42fff219f7411c4&t=1651159128",
			"title": "春晖 果肉浅桔 熙春之色 甘脆生津 海南头茬 2.5kg单果",
			"price": "50.00",
			"pid": "4"
		},
		{
			"img": "https://7761-watermelon-0gbmos3r08d8c04b-1311486156.tcb.qcloud.la/WaterMelon/image/img/yuzhuo.png?sign=2c27f04267bbb2ae81beaef9cf0f31ce&t=1651159329",
			"title": "玉琢 黄肉佳品 沁甜冰爽 晶莹如玉 润泽细腻 海南头茬 2.5kg单果",
			"price": "58.00",
			"pid": "5"
		},
		{
			"img": "https://7761-watermelon-0gbmos3r08d8c04b-1311486156.tcb.qcloud.la/WaterMelon/image/img/zhongtian1293.png?sign=787270350e8fc2920ecb8eb7304f4510&t=1651159410",
			"title": "众天1293 松脆滑爽 果型规整 储存简易 色鲜味美 海南头茬2.5kg单果",
			"price": "50.00",
			"pid": "6"
		},
		{
			"img": "https://7761-watermelon-0gbmos3r08d8c04b-1311486156.tcb.qcloud.la/WaterMelon/image/img/zhongtian6211.png?sign=0694b76d413319caac52d79e51196d86&t=1651159496",
			"title": "众天6211 皮色绮丽 金质玉相 脆嫩爽滑 回甘无穷 海南头茬2.5kg单果",
			"price": "58.00",
			"pid": "7"
		}
	],
	"video": [{
			"vid": "0",
			"cover": "https://7761-watermelon-0gbmos3r08d8c04b-1311486156.tcb.qcloud.la/WaterMelon/image/img/cover1.png?sign=83f2e3eaccc3255a8093901df66b7ae2&t=1652521836",
			"videos": "https://7761-watermelon-0gbmos3r08d8c04b-1311486156.tcb.qcloud.la/WaterMelon/image/%E9%A6%96%E9%A1%B5%E8%A7%86%E9%A2%91/04f27eb2beb78a25ba44a68a02f93295.mp4?sign=755ef037a2fee4821d7d461ddccab01d&t=1652521072"
		},
		{
			"vid": "1",
			"cover": "https://7761-watermelon-0gbmos3r08d8c04b-1311486156.tcb.qcloud.la/WaterMelon/image/img/cover2.png?sign=04a29b19f284c7934f3859ed0efff243&t=1652521852",
			"videos": "https://7761-watermelon-0gbmos3r08d8c04b-1311486156.tcb.qcloud.la/WaterMelon/image/%E9%A6%96%E9%A1%B5%E8%A7%86%E9%A2%91/9ac8a8fd8e21300ec7d3d66c9ab8df50.mp4?sign=2b83c3086c0c911e846a5e6c2db9c166&t=1652521084"
		},
		{
			"vid": "2",
			"cover": "https://7761-watermelon-0gbmos3r08d8c04b-1311486156.tcb.qcloud.la/WaterMelon/image/img/swiper2.jpg?sign=f0cc3baef8674ae8f4b97558e3dfbaca&t=1652510580",
			"videos": "https://7761-watermelon-0gbmos3r08d8c04b-1311486156.tcb.qcloud.la/WaterMelon/image/%E9%A6%96%E9%A1%B5%E8%A7%86%E9%A2%91/f57ef80c93fa35b4237c69b2f0c695c6.mp4?sign=f2658471956c8b600ae6d554a76d4e9e&t=1652521093"
		}
	],
	"index_details": [{
		"name": "朝霞",
		"title": "朝霞——最早熟的彩虹瓜",
		"details": ["【特性】该品种耐低温性好，早熟", "【口感】果实酥脆多汁，肉质细嫩多汁，口感好", "【糖度】中心糖含量 12.0-14.0%", "【果肉】果肉黄中透红",
			"【果皮】果皮厚度为 0.4cm 左右", "【果型】果实高圆形", "【重量】平均单瓜重1.8-2.5kg", "【熟期】极早熟、可提前采摘，果实八成熟时口感已很好"
		],
		"img": "https://7761-watermelon-0gbmos3r08d8c04b-1311486156.tcb.qcloud.la/WaterMelon/image/img/index_zhaoxia.png?sign=79b9c3518763014c29a6ddb69a710290&t=1652772895"
	}, {
		"name": "众天红",
		"title": "众天红——小西瓜中的硬皮瓜",
		"details": ["【特性】该品种坐果整齐，商品率高，品质好，较耐运输是其特色",
			"【口感】果肉松脆可口而果皮硬度大",
			"【糖度】中心糖含量 11.5-13.0%，中边糖梯度小",
			"【果肉】果肉浓粉红，口感好",
			"【果皮】果肉厚度为 0.4cm 左右",
			"【重量】平均单瓜重 1.5-2.8kg",
			"【熟期】早熟"
		],
		"img": "https://7761-watermelon-0gbmos3r08d8c04b-1311486156.tcb.qcloud.la/WaterMelon/image/img/index_zhongtianhong.png?sign=cd36ee6f3b4dd6f534a2bda3a25bb9cb&t=1652773077"
	}, {
		"name": "满月",
		"title": "满月——爆汁西瓜",
		"details": ["【特性】皮韧肉脆，俗称“爆汁”西瓜",
			"【糖度】果实中心含糖量13%，果实边部含糖量9%以上",
			"【果肉】 爽脆多汁 ",
			"【果皮】果皮厚度平均为0.5厘米",
			"【重量】单瓜重1.5～2.3千克",
			"【熟期】早熟小果型西瓜品种，雌花开放至果实成熟30～32天"
		],
		"img": "https://7761-watermelon-0gbmos3r08d8c04b-1311486156.tcb.qcloud.la/WaterMelon/image/img/index_manyue.jpg?sign=d91ff578669ebcc85f6ffc04c553ace8&t=1652773226"
	}, {
		"name": "美颜",
		"title": "美颜—瓜美风味好",
		"details": ["【特性】耐高温是其最大优势",
			"【糖度】果实中心含糖量12.5%～14.5%，果实边部含糖量9.0%～10.0%",
			"【果肉】果肉红黄双色，口感特别好",
			"【果皮】绿色果皮上覆深绿色齿状条带，果皮厚度平均为0.4厘米",
			"【果型】果实圆形",
			"【重量】单瓜重1.5～2.8千克",
			"【熟期】早熟，生长周期：30～32天"
		],
		"img": "https://7761-watermelon-0gbmos3r08d8c04b-1311486156.tcb.qcloud.la/WaterMelon/image/img/index_meiyan.jpg?sign=dcc36412b0a16e9be079f700cc83a800&t=1652773359"
	}, {
		"name": "春晖",
		"title": "春晖——橘肉耐高温",
		"details": ["【糖度】果实中心含糖量12~14%、果实边部含糖量8.0%",
			"【果肉】果肉浅桔色，肉质脆，口感好 ",
			"【果皮】果皮厚度平均为0.5cm",
			"【重量】单瓜重2.0~2.5kg",
			"【熟期】雌花开放至果实成熟29~31天"
		],
		"img": "https://7761-watermelon-0gbmos3r08d8c04b-1311486156.tcb.qcloud.la/WaterMelon/image/img/index_chunhui.jpg?sign=6730cc69613e3d1acc3dbedcd109917b&t=1652773460"
	}, {
		"name": "众天1293",
		"title": "众天1293——椭圆易装箱",
		"details": ["【特性】田间坐果整齐，果型好",
			"【甜度】中心糖含量13.0-14.0%。中边糖梯度小",
			"【果肉】果肉松脆可口",
			"【果皮】果皮硬度大，耐运输，果皮厚度为0.4cm左右",
			"【重量】平均单瓜重1.5-2.8kg",
			"【熟期】早熟"
		],
		"img": "https://7761-watermelon-0gbmos3r08d8c04b-1311486156.tcb.qcloud.la/WaterMelon/image/img/index_zhongtian1293.jpg?sign=74735c149a7928411776ddf3a17f6a94&t=1652773565"
	}, {
		"name": "众天6211",
		"title": "众天6211——耐高温、色艳丽",
		"details": ["【特性】皮色艳丽是其最大特色",
			"【糖度】果实中心含糖量 11.0-13.0%、果实边部含糖量 8.0%",
			"【果肉】口感较好，果肉橙红色",
			"【果皮】果皮厚度平均为 0.5cm",
			"【重量】单瓜重1.3-2.5kg",
			"【熟期】早熟小果型西瓜品种，八成熟即可采收。"
		],
		"img": "https://7761-watermelon-0gbmos3r08d8c04b-1311486156.tcb.qcloud.la/WaterMelon/image/img/index_zhongtian6211.png?sign=349fa1e9e484af5369cc7e7b10063009&t=1652773674"
	}, {
		"name": "玉琢",
		"title": "玉琢——黄肉中的甜品瓜",
		"details": ["【糖度】果实中心含糖量12.0%以上果实边部含糖量9.0%以上，黄肉品种中属于高糖品种",
			"【果肉】肉质脆",
			"【果皮】果皮厚度平均为0.5厘米",
			"【重量】单瓜重1.6～2.5千克",
			"【熟期】雌花开放至果实成熟30～35天"
		],
		"img": "https://7761-watermelon-0gbmos3r08d8c04b-1311486156.tcb.qcloud.la/WaterMelon/image/img/index_yuzhuo.jpg?sign=c3beb07566305a29fe83851b381e4400&t=1652773764"
	}, {
		"name": "众天2013",
		"title": "众天2013—绿皮耐高温",
		"details": ["【特性】该品种耐高温性好，可越夏栽培",
			"【糖度】中心含糖量含量12.0~14.0%，中边糖梯度小",
			"【果肉】果肉红，口感脆好",
			"【果皮】绿果皮上覆绿色网条带，果皮厚度为 0.5cm",
			"【果型】果实椭圆形，",
			"【重量】平均单瓜重 1.8~2.5kg",
			"【熟期】早熟小果型西瓜"
		],
		"img": "https://7761-watermelon-0gbmos3r08d8c04b-1311486156.tcb.qcloud.la/WaterMelon/image/img/index_zhongtian2013.png?sign=815a903c5371295b1f3965500233b4ea&t=1652773866"
	}],
	"xgyj": [{
		"id": "1",
		"title": "大棚展示",
		"cover": "https://7761-watermelon-0gbmos3r08d8c04b-1311486156.tcb.qcloud.la/WaterMelon/image/img/%E5%A4%A7%E6%A3%9A%E5%B1%95%E7%A4%BA-%E5%B0%81%E9%9D%A2%E5%9B%BE.jpg?sign=fa30acc0c0f5d7bb6406acf318572e78&t=1652784326"
	}, {
		"id": "2",
		"title": "吊蔓展示",
		"cover": "https://7761-watermelon-0gbmos3r08d8c04b-1311486156.tcb.qcloud.la/WaterMelon/image/img/%E5%90%8A%E8%94%93%E5%B1%95%E7%A4%BA-%E5%B0%81%E9%9D%A2%E5%9B%BE.jpg?sign=6b2c5b1496837d9535eae3f0f5e5bfb5&t=1652784382"
	}, {
		"id": "3",
		"title": "花苗展示",
		"cover": "https://7761-watermelon-0gbmos3r08d8c04b-1311486156.tcb.qcloud.la/WaterMelon/image/img/%E8%8A%B1%E8%8B%97%E5%B1%95%E7%A4%BA-%E5%B0%81%E9%9D%A2%E5%9B%BE.jpg?sign=fd8011f378eb5e6ea617b496a3255424&t=1652784413"
	}, {
		"id": "4",
		"title": "收获展示",
		"cover": "https://7761-watermelon-0gbmos3r08d8c04b-1311486156.tcb.qcloud.la/WaterMelon/image/img/%E6%94%B6%E8%8E%B7%E5%B1%95%E7%A4%BA-%E5%B0%81%E9%9D%A2%E5%9B%BE.jpg?sign=632e6621dc583f1a3082b762a051d0c8&t=1652784440"
	}, {
		"id": "5",
		"title": "西瓜掠影",
		"cover": "https://7761-watermelon-0gbmos3r08d8c04b-1311486156.tcb.qcloud.la/WaterMelon/image/img/%E8%A5%BF%E7%93%9C%E6%8E%A0%E5%BD%B1-%E5%B0%81%E9%9D%A2%E5%9B%BE.jpg?sign=3e32189b4f4b6636ead98ef553ce502f&t=1652784494"
	}],
	"forum": [{
		"title": "【大棚技术】大棚放风的科学步骤",
		"writer": "技术流瓜农",
		"time": "2022.5.14",
		"id": "1"
	}, {
		"title": "【瓜农故事】小小西瓜苗承载产业振兴大梦想",
		"writer": "爱吃瓜的猹",
		"time": "2022.5.14",
		"id": "2"
	}, {
		"title": "【农业投资】新手必读-大棚瓜菜的利润与成本分析",
		"writer": "吃瓜群众只想暴富",
		"time": "2022.5.14",
		"id": "3"
	}, {
		"title": "【三天学会种西瓜】催芽与播种",
		"writer": "我很会种西瓜 ",
		"time": "2022.5.14",
		"id": "4"
	}, {
		"title": "【生理病害】化瓜的原因",
		"writer": "西瓜西施",
		"time": "2022.5.14",
		"id": "5"
	}, {
		"title": "【西瓜栽培研究】幼苗黄叶问题",
		"writer": "技术流瓜农 ",
		"time": "2022.5.14",
		"id": "6"
	}, {
		"title": "【学种瓜系列之土肥】瓜田施肥的原则",
		"writer": "瓜田小任",
		"time": "2022.5.14",
		"id": "7"
	}]

}
