[{
	"letter": "A",
	"data": []
}, {
	"letter": "B",
	"data": []
}, {
	"letter": "C",
	"data": [
		"创利1号",
		"春光"
	]
}, {
	"letter": "D",
	"data": [
		"地雷"
	]
}, {
	"letter": "E",
	"data": []
}, {
	"letter": "F",
	"data": [
		"风光1号", "丰乐1号", "丰乐5号"
	]
}, {
	"letter": "G",
	"data": [
		"广西3号", "广西6号"
	]
}, {
	"letter": "H",
	"data": [
		"花麒麟", "花蜜3号", "花蜜5号", "花蜜6号", "黑美人", "黑金刚"
	]
}, {
	"letter": "I",
	"data": [

	]
}, {
	"letter": "J",
	"data": [
		"京欣", "金蜜童", "嘉年华2号", "金城5号"
	]
}, {
	"letter": "K",
	"data": [
		"抗病948"
	]
}, {
	"letter": "L",
	"data": []
}, {
	"letter": "M",
	"data": [
		"蜜童", "墨童"
	]
}, {
	"letter": "N",
	"data": [
		"农友新1号", "拿比特", "农博花蜜王", "农优新1号"
	]
}, {
	"letter": "O",
	"data": []
}, {
	"letter": "P",
	"data": []
}, {
	"letter": "Q",
	"data": []
}, {
	"letter": "R",
	"data": []
}, {
	"letter": "S",
	"data": [
		"帅童", "术"
	]
}, {
	"letter": "T",
	"data": [
		"特性1号", "特小凤"
	]
}, {
	"letter": "U",
	"data": [

	]
}, {
	"letter": "V",
	"data": []
}, {
	"letter": "W",
	"data": []
}, {
	"letter": "X",
	"data": [
		"小麒麟", "新红宝", "西域一号", "小兰", "西农8号", "小蔺", "小皇冠"
	]
}, {
	"letter": "Y",
	"data": []
}, {
	"letter": "Z",
	"data": [
		"Z-浙蜜", "郑杂新1号", "早春红玉", "郑杂"
	]
}, {
	"letter": "#",
	"data": [
		"8424", "8714"
	]
}]
