{
	"pages": [ //pages数组中第一项表示应用启动页，参考：https://uniapp.dcloud.io/collocation/pages
		{
			"path": "pages/index/index",
			"style": {
				"navigationBarTitleText": "得瓜"
			}
		}
	    ,{
            "path" : "pages/mall/mall",
            "style" :                                                                                    
            {
                "navigationBarTitleText": "得瓜",
                "enablePullDownRefresh": false
            }
            
        }
        ,{
            "path" : "pages/grow/grow",
            "style" :                                                                                    
            {
                "navigationBarTitleText": "种植",
                "enablePullDownRefresh": false
            }
            
        }
        ,{
            "path" : "pages/forum/forum",
            "style" :                                                                                    
            {
                "navigationBarTitleText": "得瓜",
                "enablePullDownRefresh": false
            }
            
        }
        ,{
            "path" : "pages/user/user",
            "style" :                                                                                    
            {
                "navigationBarTitleText": "得瓜",
                "enablePullDownRefresh": false
            }
            
        }
        ,{
            "path" : "pages/index_kepu/index_kepu",
            "style" :                                                                                    
            {
                "navigationBarTitleText": "",
                "enablePullDownRefresh": false
            }
            
        }
        ,{
            "path" : "pages/text/text",
            "style" :                                                                                    
            {
                "navigationBarTitleText": "",
                "enablePullDownRefresh": false
            }
            
        }
        ,{
            "path" : "pages/index_details/index_details",
            "style" :                                                                                    
            {
                "navigationBarTitleText": "",
                "enablePullDownRefresh": false
            }
            
        }
        ,{
            "path" : "pages/news/news",
            "style" :                                                                                    
            {
                "navigationBarTitleText": "",
                "enablePullDownRefresh": false
            }
            
        }
        ,{
            "path" : "pages/index_xgyj/index_xgyj",
            "style" :                                                                                    
            {
                "navigationBarTitleText": "",
                "enablePullDownRefresh": false
            }
            
        }
        ,{
            "path" : "pages/mall_details/mall_details",
            "style" :                                                                                    
            {
                "navigationBarTitleText": "",
                "enablePullDownRefresh": false
            }
            
        }
        ,{
            "path" : "pages/forum_details/forum_details",
            "style" :                                                                                    
            {
                "navigationBarTitleText": "",
                "enablePullDownRefresh": false
            }
            
        }
    ],
	"globalStyle": {
		"navigationBarTextStyle": "white",
		"navigationBarTitleText": "得瓜",
		"navigationBarBackgroundColor": "#456E4C"
		// "backgroundColor": "#F8F8F8"
	},
	"tabBar": {
		"backgroundColor": "#EAEAEA",
		"color": "#000",
		"selectedColor": "#456E4C",
		"list": [{
			"iconPath": "static/icon/首页.png",
			"selectedIconPath": "static/icon/index.png",
			"pagePath": "pages/index/index",
			"text": "首页"
		},{
			"iconPath": "static/icon/商城.png",
			"selectedIconPath": "static/icon/shopping.png",
			"pagePath": "pages/mall/mall",
			"text": "商城"
		},{
			"iconPath": "static/icon/种植档案.png",
			"selectedIconPath": "static/icon/zhongzhis.png",
			"pagePath": "pages/grow/grow",
			"text": "种植"
			
		},{
			"iconPath": "static/icon/论坛.png",
			"selectedIconPath": "static/icon/luntanc.png",
			
			"pagePath": "pages/forum/forum",
			"text": "管理"
		},{
			"iconPath": "static/icon/我的.png",
			"selectedIconPath": "static/icon/user.png",
			"pagePath": "pages/user/user",
			"text": "我的"
		}]
	}
}
